{
  "version": 1,
  "author": "Dilmi Madumalka",
  "editor": "wokwi",
  "parts": [
    { "type": "board-esp32-devkit-c-v4", "id": "esp", "top": 0, "left": -196.76, "attrs": {} },
    {
      "type": "wokwi-lcd1602",
      "id": "lcd1",
      "top": -80,
      "left": -32.8,
      "attrs": { "pins": "i2c" }
    },
    { "type": "wokwi-servo", "id": "servo1", "top": 65.2, "left": 9.6, "attrs": {} },
    {
      "type": "wokwi-buzzer",
      "id": "bz1",
      "top": -122.4,
      "left": -228.6,
      "attrs": { "volume": "0.1" }
    }
  ],
  "connections": [
    [ "esp:TX", "$serialMonitor:RX", "", [] ],
    [ "esp:RX", "$serialMonitor:TX", "", [] ],
    [ "lcd1:GND", "esp:GND.2", "black", [ "h-38.4", "v182.4" ] ],
    [ "lcd1:VCC", "esp:5V", "red", [ "h-28.8", "v278.5", "h-153.6", "v-9.6" ] ],
    [ "lcd1:SDA", "esp:21", "green", [ "h-19.2", "v67.4" ] ],
    [ "lcd1:SCL", "esp:22", "green", [ "h-9.6", "v48.3" ] ],
    [ "servo1:GND", "esp:GND.2", "black", [ "h-48", "v-86.4", "h-28.8" ] ],
    [ "servo1:V+", "esp:5V", "green", [ "h-38.4", "v115.3", "h-192", "v-9.6" ] ],
    [ "bz1:1", "esp:GND.1", "green", [ "v0", "h-28.8", "v192" ] ],
    [ "bz1:2", "esp:25", "green", [ "v19.2", "h-19.6", "v124.8" ] ],
    [ "esp:15", "servo1:PWM", "green", [ "v0", "h38.4", "v-38.4" ] ]
  ],
  "dependencies": {}
}